<?xml version="1.0" encoding="UTF-8"?>
<project-private xmlns="http://www.netbeans.org/ns/project-private/1">
    <editor-bookmarks xmlns="http://www.netbeans.org/ns/editor-bookmarks/2" lastBookmarkId="0"/>
    <open-files xmlns="http://www.netbeans.org/ns/projectui-open-files/2">
        <group>
            <file>file:/C:/Users/DELL/Documents/NetBeansProjects/PA/src/pa/deskripsi.java</file>
            <file>file:/C:/Users/DELL/Documents/NetBeansProjects/PA/src/pa/loginuser.java</file>
            <file>file:/C:/Users/DELL/Documents/NetBeansProjects/PA/src/pa/koneksii.java</file>
            <file>file:/C:/Users/DELL/Documents/NetBeansProjects/PA/src/pa/PA.java</file>
            <file>file:/C:/Users/DELL/Documents/NetBeansProjects/PA/src/pa/admin.java</file>
            <file>file:/C:/Users/DELL/Documents/NetBeansProjects/PA/src/pa/editberanda.java</file>
            <file>file:/C:/Users/DELL/Documents/NetBeansProjects/PA/src/pa/cover.java</file>
            <file>file:/C:/Users/DELL/Documents/NetBeansProjects/PA/src/pa/user.java</file>
            <file>file:/C:/Users/DELL/Documents/NetBeansProjects/PA/src/pa/loginadmin.java</file>
        </group>
    </open-files>
</project-private>
